epoch,loss,val_loss
0,0.04729644636200061,0.04333711283743871
1,0.045087280576159974,0.04137892791423629
2,0.04387561297129427,0.040888976543407535
3,0.043128214451311,0.040665868599148995
4,0.04269125583981442,0.04054426015204669
