epoch,loss,val_loss
0,0.047931494685566955,0.04442288650753383
1,0.045251412185079616,0.04292624079421883
2,0.043778219603319055,0.04225169058949148
3,0.04301525447796067,0.042068736046814464
4,0.04254693778283381,0.04183823706399469
5,0.042335360596900976,0.04161638861432083
6,0.04220569101417485,0.041630234296595896
7,0.04207557640513789,0.0414720981505919
