epoch,loss,val_loss
0,0.04882187396851893,0.04434755925944948
1,0.04557686322577169,0.043170304706441086
2,0.04406899177238039,0.04243523576896759
3,0.0432678599595114,0.042141176589783134
4,0.042938106598539014,0.04206710237366881
5,0.042652580846203936,0.041936810327937536
6,0.0425609067911187,0.04178011337570217
