epoch,loss,val_loss
0,0.04785921388528064,0.04347867393182404
1,0.04532301278936408,0.04283879738215165
2,0.04402178195428691,0.042397399892557634
3,0.043308199791473885,0.042101849510188534
4,0.04287961002513492,0.041991586244454926
