epoch,loss,val_loss
0,0.04934098787967637,0.04482986697077183
1,0.04595287714280232,0.043284927575689226
2,0.04420788860833044,0.042722340164762805
3,0.04332820441059363,0.04244923365765759
4,0.04283369019655408,0.04251528747754974
5,0.04252933923162748,0.04209933512624542
6,0.042376555050071735,0.04210311541121376
7,0.04224271447026055,0.04223935891280905
