epoch,loss,val_loss
0,0.04820621876272411,0.04465243974835343
1,0.04535873738724988,0.04327815072840227
2,0.04392167713359373,0.042639119404141765
3,0.043101033884675545,0.04244794406904919
4,0.042688355143986244,0.04215976943509376
5,0.042454664756158285,0.04209387362143379
6,0.042264555078717424,0.04203467874692018
